{"DU/ph7OBH2QIP+bH64UOuQ==":"coursera%202ctbtgzydprd-1-2000x1545.png","shPLiGSIhgF0SFsnLaYC5A==":"coursera%205zvawj4tejgg-1-2000x1545.png","uVUHEZ+TQCQb9u4PtgfCPA==":"coursera%20kgmyf45ajlqj-1-2000x1545.png","L3Kevaw3sNppthghNo1peQ==":"coursera%20nkdsfpahklz5-1-2000x1545.png","hQpu89oBDBqsynMDOb1flQ==":"coursera%20qqxlevdh83dh-1-2000x1545.png","wgKGyb1ALbnaGH+WQeVjSA==":"coursera%20xlwlxha4thtb-1-2000x1545.png","c4kexOceVdVZEiAoY7LycA==":"coursera-x57reffj77m6-1-2000x1545.png","HuR4D2aYE1Lj/VuvCyvfqA==":"coursera%20qfstkc5klpeq-1-2000x1545.png","G8y/m9aBvTDGEvqGx077sg==":"coursera%205phcy49kwrxj-1-2000x1545.png","PxabvnPshFP7kQxzcp/TtQ==":"coursera%20l2q6f29by4uh-1-2000x1545.png","zV1qLtfF1DNQidIXEB2kTQ==":"coursera%20srg7pwrutnhu-1-2000x1545.png","VEAZ9CB1z5pvS+uroxxfJw==":"coursera%202p9kz5shpkbd-1-2000x1545.png","pZwVbK6yE3GjRaSDxzOjLA==":"mbr-1920x1281.jpg","Nh6dspQC4yqFeBCjCDerKA==":"coursera%208bamj43xxdjc-1-2000x1545.png","rsrXQ55q5Ym4+wv/Wh4eTQ==":"coronavirus_tracker_header2-2000x1333.jpg","irIcVjAemKI5NWCXvEomTw==":"world-map-297446-1280-1280x688.png","FwqzTscoK9nt49x6WqbvMg==":"annotation%202020-08-08%20004337-748x748.png","WaAQAmzHJ/vjnbvmB3whCg==":"coursera-hjuuu8s83t8p-1-2000x1545.png","H5ZY6ZalDXP/lP2qkLfTKQ==":"annotation%202020-08-08%20004337-748x748.png","CcVRy+n3bJJHkX5bFSw8SQ==":"presentation1-122x28.png","nYUFAbfSapVwVNunyrpm9w==":"presentation1-584x329.png","y3FHK55uTNDVHQVIxvIGhQ==":"presentation1-630x142.png"}